claim_id,axis,status,reviewer,independence,evidence,artifact_version,review_date,notes
C-006,formal_evidence,pass,rank12_gluing_math_review,fresh isolated reviewer,reviews/independent_math_review.md,current repaired source,2026-08-20,closed-form optimizer cyclic sharpness normal optimized and 8 of 8 mutations
C-006,statement_alignment,pass,rank12_gluing_math_review,fresh isolated reviewer,reviews/independent_math_review.md,current repaired source,2026-08-20,selected-support incidence relaxation distinguished from complete-core geometry
C-006,result_boundary,pass,rank12_gluing_math_review,fresh isolated reviewer,reviews/independent_math_review.md,current repaired source,2026-08-20,certificate-class barrier only and abstract histogram not claimed RS-realizable
C-006,specialist_or_external_review,pass,rank12_gluing_math_review,fresh isolated mathematics review,reviews/independent_math_review.md,current repaired source,2026-08-20,independent exact rederivation GREEN
C-008,formal_evidence,pass,rank12_gluing_math_review,fresh isolated reviewer,reviews/independent_math_review.md,current repaired source,2026-08-20,orthogonal complements c-zero injection resource cap and both Sage controls GREEN
C-008,statement_alignment,pass,rank12_gluing_math_review,fresh isolated reviewer,reviews/independent_math_review.md,current repaired source,2026-08-20,actual support explanation affine flat minimizer pair core and union bound explicitly quantified
C-008,result_boundary,pass,rank12_gluing_math_review,fresh isolated reviewer,reviews/independent_math_review.md,current repaired source,2026-08-20,c-zero paid locally while c-one c-two rank12 chronology and KoalaBear remain open
C-008,specialist_or_external_review,pass,rank12_gluing_math_review,fresh isolated mathematics review,reviews/independent_math_review.md,current repaired source,2026-08-20,independent proof audit GREEN
C-006,public_wording,pass,rank12_packet_custody,fresh isolated certificate and publication review,reviews/independent_certificate_review.md,canonical result 79b056f8e and source 7fe84b53e,2026-08-20,method barrier and abstract nonrealizability boundary stated explicitly
C-008,public_wording,pass,rank12_packet_custody,fresh isolated certificate and publication review,reviews/independent_certificate_review.md,canonical result 79b056f8e and source 7fe84b53e,2026-08-20,rank-zero partial payment distinguished from rank12 active-v4 and KoalaBear closure
